diag_idx,target_space,n_pairs,mean_error_smoothed_oe,smoothed_correction
1,smoothed_oe,411675,-0.0596785731613636,-0.0348639115691185
2,smoothed_oe,410850,-0.011478707194328308,-0.020299945026636124
3,smoothed_oe,410025,0.007240782026201487,-0.0053414953872561455
4,smoothed_oe,409200,0.019438236951828003,0.007869305089116096
5,smoothed_oe,408375,0.02173011191189289,0.019019480794668198
6,smoothed_oe,407550,0.01354713924229145,0.028960369527339935
7,smoothed_oe,406725,0.03267671540379524,0.037614695727825165
8,smoothed_oe,405900,0.06641114503145218,0.043182987719774246
9,smoothed_oe,405075,0.09880927205085754,0.04433480650186539
10,smoothed_oe,404250,0.012316962704062462,0.043066076934337616
11,smoothed_oe,403425,-0.005523681174963713,0.04415544122457504
12,smoothed_oe,402600,0.04529905319213867,0.05132565647363663
13,smoothed_oe,401775,0.07179385423660278,0.06474057585000992
14,smoothed_oe,400950,0.08084374666213989,0.082301065325737
15,smoothed_oe,400125,0.0885130912065506,0.10194274038076401
16,smoothed_oe,399300,0.11991672962903976,0.12185308337211609
17,smoothed_oe,398475,0.15937860310077667,0.13916915655136108
18,smoothed_oe,397650,0.170275017619133,0.14923782646656036
19,smoothed_oe,396825,0.17613931000232697,0.14621953666210175
20,smoothed_oe,396000,0.19643425941467285,0.1253015100955963
21,smoothed_oe,395175,0.14237064123153687,0.0866686999797821
22,smoothed_oe,394350,0.054298318922519684,0.03883397579193115
23,smoothed_oe,393525,-0.13052961230278015,-0.0032871910370886326
24,smoothed_oe,392700,-0.10230401158332825,-0.026368243619799614
25,smoothed_oe,391875,-0.05127718299627304,-0.026343541219830513
26,smoothed_oe,391050,-0.009454567916691303,-0.008874708786606789
27,smoothed_oe,390225,0.027561800554394722,0.016544759273529053
28,smoothed_oe,389400,0.0522480383515358,0.042467109858989716
29,smoothed_oe,388575,0.07391387969255447,0.06544666737318039
30,smoothed_oe,387750,0.09038238972425461,0.08500918000936508
31,smoothed_oe,386925,0.10301636904478073,0.1019708439707756
32,smoothed_oe,386100,0.11772113293409348,0.11723586916923523
33,smoothed_oe,385275,0.1323811411857605,0.13112710416316986
34,smoothed_oe,384450,0.14879730343818665,0.143136128783226
35,smoothed_oe,383625,0.16188393533229828,0.1520010381937027
36,smoothed_oe,382800,0.16943137347698212,0.15605337917804718
37,smoothed_oe,381975,0.17056405544281006,0.15378688275814056
38,smoothed_oe,381150,0.16672863066196442,0.14461350440979004
39,smoothed_oe,380325,0.13695093989372253,0.12951785326004028
40,smoothed_oe,379500,0.1071462333202362,0.11106550693511963
41,smoothed_oe,378675,0.08451402187347412,0.09254466742277145
42,smoothed_oe,377850,0.06314386427402496,0.07674246281385422
43,smoothed_oe,377025,0.05274944752454758,0.06513023376464844
44,smoothed_oe,376200,0.05526399612426758,0.05785609781742096
45,smoothed_oe,375375,0.04792122542858124,0.05435911938548088
46,smoothed_oe,374550,0.04869168624281883,0.054025307297706604
47,smoothed_oe,373725,0.04912436753511429,0.056408487260341644
48,smoothed_oe,372900,0.05928162857890129,0.061073705554008484
49,smoothed_oe,372075,0.06507600098848343,0.06745033711194992
50,smoothed_oe,371250,0.07417062669992447,0.07487662136554718
51,smoothed_oe,370425,0.08329414576292038,0.08271844685077667
52,smoothed_oe,369600,0.09177003800868988,0.09045108407735825
53,smoothed_oe,368775,0.10015098005533218,0.09771804511547089
54,smoothed_oe,367950,0.10510475933551788,0.10438454151153564
55,smoothed_oe,367125,0.11204566806554794,0.11054889857769012
56,smoothed_oe,366300,0.11522147804498672,0.11648482084274292
57,smoothed_oe,365475,0.12173134088516235,0.12253140658140182
58,smoothed_oe,364650,0.12782160937786102,0.12896890938282013
59,smoothed_oe,363825,0.13377825915813446,0.1358909159898758
60,smoothed_oe,363000,0.14162896573543549,0.14310303330421448
61,smoothed_oe,362175,0.15437600016593933,0.15014882385730743
62,smoothed_oe,361350,0.16030049324035645,0.15650254487991333
63,smoothed_oe,360525,0.16135065257549286,0.16170436143875122
64,smoothed_oe,359700,0.1693970263004303,0.16517138481140137
65,smoothed_oe,358875,0.17265701293945312,0.1657969206571579
66,smoothed_oe,358050,0.17390979826450348,0.16190479695796967
67,smoothed_oe,357225,0.17684347927570343,0.15205465257167816
68,smoothed_oe,356400,0.15811356902122498,0.13636232912540436
69,smoothed_oe,355575,0.09747234731912613,0.11703387647867203
70,smoothed_oe,354750,0.08986877650022507,0.09726260602474213
71,smoothed_oe,353925,0.07450953871011734,0.07953070849180222
72,smoothed_oe,353100,0.06484677642583847,0.06503749638795853
73,smoothed_oe,352275,0.03946604207158089,0.054272789508104324
74,smoothed_oe,351450,0.034258630126714706,0.04738365486264229
75,smoothed_oe,350625,0.041735172271728516,0.043916359543800354
76,smoothed_oe,349800,0.04554459825158119,0.04278644546866417
77,smoothed_oe,348975,0.042982231825590134,0.042869649827480316
78,smoothed_oe,348150,0.038858845829963684,0.04353516176342964
79,smoothed_oe,347325,0.04491255059838295,0.044587183743715286
80,smoothed_oe,346500,0.04735449701547623,0.04595723748207092
81,smoothed_oe,345675,0.04730024188756943,0.04761003330349922
82,smoothed_oe,344850,0.04620642960071564,0.04958779737353325
83,smoothed_oe,344025,0.051856350153684616,0.05193745717406273
84,smoothed_oe,343200,0.05486151576042175,0.05459657683968544
85,smoothed_oe,342375,0.05777717009186745,0.05741642415523529
86,smoothed_oe,341550,0.05993245169520378,0.060265008360147476
87,smoothed_oe,340725,0.06289532780647278,0.06304480135440826
88,smoothed_oe,339900,0.06649001687765121,0.06562115997076035
89,smoothed_oe,339075,0.06909375637769699,0.06779060512781143
90,smoothed_oe,338250,0.07194989919662476,0.06936240941286087
91,smoothed_oe,337425,0.07179614156484604,0.07029476761817932
92,smoothed_oe,336600,0.07072968035936356,0.07075268775224686
93,smoothed_oe,335775,0.06970103085041046,0.07101550698280334
94,smoothed_oe,334950,0.0712791234254837,0.07130566239356995
95,smoothed_oe,334125,0.07153299450874329,0.07168863713741302
96,smoothed_oe,333300,0.07219038903713226,0.07211420685052872
97,smoothed_oe,332475,0.07380388677120209,0.07254152745008469
98,smoothed_oe,331650,0.0718870535492897,0.07303506880998611
99,smoothed_oe,330825,0.07250270247459412,0.07375446707010269
100,smoothed_oe,330000,0.07379577308893204,0.07485438138246536
101,smoothed_oe,329175,0.07549308240413666,0.07638616114854813
102,smoothed_oe,328350,0.07748310267925262,0.0782734826207161
103,smoothed_oe,327525,0.08110547810792923,0.08035873621702194
104,smoothed_oe,326700,0.08260678499937057,0.0824737548828125
105,smoothed_oe,325875,0.08449903875589371,0.08449040353298187
106,smoothed_oe,325050,0.08727053552865982,0.08634602278470993
107,smoothed_oe,324225,0.08883382380008698,0.08807075768709183
108,smoothed_oe,323400,0.08878843486309052,0.08981089293956757
109,smoothed_oe,322575,0.0905195027589798,0.09179825335741043
110,smoothed_oe,321750,0.0929710790514946,0.09424992650747299
111,smoothed_oe,320925,0.09536810964345932,0.09724552929401398
112,smoothed_oe,320100,0.10000134259462357,0.10063828527927399
113,smoothed_oe,319275,0.10519052296876907,0.10405460000038147
114,smoothed_oe,318450,0.10989390313625336,0.1070350781083107
115,smoothed_oe,317625,0.1124512255191803,0.10929139703512192
116,smoothed_oe,316800,0.11180572956800461,0.1109086275100708
117,smoothed_oe,315975,0.10968377441167831,0.11228998005390167
118,smoothed_oe,315150,0.11152047663927078,0.11384032666683197
119,smoothed_oe,314325,0.11589352786540985,0.11565471440553665
120,smoothed_oe,313500,0.11930707842111588,0.11749189347028732
121,smoothed_oe,312675,0.12112434208393097,0.11901077628135681
122,smoothed_oe,311850,0.1202257052063942,0.11998791247606277
123,smoothed_oe,311025,0.12108930945396423,0.12032714486122131
124,smoothed_oe,310200,0.12249890714883804,0.1199667677283287
125,smoothed_oe,309375,0.12086687237024307,0.11889069527387619
126,smoothed_oe,308550,0.11860128492116928,0.11726000905036926
127,smoothed_oe,307725,0.11419893801212311,0.11547648906707764
128,smoothed_oe,306900,0.11043685674667358,0.11403287202119827
129,smoothed_oe,306075,0.11129353195428848,0.11323563009500504
130,smoothed_oe,305250,0.11326968669891357,0.11303611844778061
131,smoothed_oe,304425,0.11304324120283127,0.11310385912656784
132,smoothed_oe,303600,0.11525358259677887,0.11305025219917297
133,smoothed_oe,302775,0.11376953125,0.11261658370494843
134,smoothed_oe,301950,0.1114882379770279,0.11172971874475479
135,smoothed_oe,301125,0.1121336817741394,0.11046318709850311
136,smoothed_oe,300300,0.10940125584602356,0.10897810012102127
137,smoothed_oe,299475,0.1056436076760292,0.107428178191185
138,smoothed_oe,298650,0.10475234687328339,0.10578876733779907
139,smoothed_oe,297825,0.10625334829092026,0.10374294221401215
140,smoothed_oe,297000,0.10682620853185654,0.10085012763738632
141,smoothed_oe,296175,0.09943724423646927,0.096936896443367
142,smoothed_oe,295350,0.09056530892848969,0.0923069640994072
143,smoothed_oe,294525,0.08465850353240967,0.08750368654727936
144,smoothed_oe,293700,0.08332699537277222,0.08284808695316315
145,smoothed_oe,292875,0.07803240418434143,0.07816966623067856
146,smoothed_oe,292050,0.07520097494125366,0.07292724400758743
147,smoothed_oe,291225,0.07404201477766037,0.06666260212659836
148,smoothed_oe,290400,0.06344011425971985,0.0595223605632782
149,smoothed_oe,289575,0.042559318244457245,0.052379634231328964
150,smoothed_oe,288750,0.04111001640558243,0.046305034309625626
151,smoothed_oe,287925,0.038783155381679535,0.0418340265750885
152,smoothed_oe,287100,0.03867331147193909,0.03874026611447334
153,smoothed_oe,286275,0.037220414727926254,0.036418065428733826
154,smoothed_oe,285450,0.03400568664073944,0.03437566012144089
155,smoothed_oe,284625,0.032622985541820526,0.03243642672896385
156,smoothed_oe,283800,0.029902100563049316,0.03065372444689274
157,smoothed_oe,282975,0.02737828716635704,0.029119808226823807
158,smoothed_oe,282150,0.027387235313653946,0.027814311906695366
159,smoothed_oe,281325,0.028082698583602905,0.026587797328829765
160,smoothed_oe,280500,0.026332303881645203,0.025285717099905014
161,smoothed_oe,279675,0.023061959072947502,0.023876197636127472
162,smoothed_oe,278850,0.02185784839093685,0.022448239848017693
163,smoothed_oe,278025,0.021230502054095268,0.021121447905898094
164,smoothed_oe,277200,0.019592855125665665,0.020007530227303505
165,smoothed_oe,276375,0.01840677298605442,0.01924699917435646
166,smoothed_oe,275550,0.016893763095140457,0.019013967365026474
167,smoothed_oe,274725,0.017216961830854416,0.019427767023444176
168,smoothed_oe,273900,0.01976362057030201,0.020446235314011574
169,smoothed_oe,273075,0.022138498723506927,0.021853720769286156
170,smoothed_oe,272250,0.02373807691037655,0.023356745019555092
171,smoothed_oe,271425,0.025581441819667816,0.0247054323554039
172,smoothed_oe,270600,0.02683219686150551,0.025778397917747498
173,smoothed_oe,269775,0.027340924367308617,0.02662278339266777
174,smoothed_oe,268950,0.026392070576548576,0.027428727596998215
175,smoothed_oe,268125,0.026693686842918396,0.02840564213693142
176,smoothed_oe,267300,0.028842229396104813,0.029613995924592018
177,smoothed_oe,266475,0.032000280916690826,0.030901724472641945
178,smoothed_oe,265650,0.03392113372683525,0.03203192353248596
179,smoothed_oe,264825,0.033625278621912,0.03289789706468582
180,smoothed_oe,264000,0.032896559685468674,0.033619772642850876
181,smoothed_oe,263175,0.03277777507901192,0.03442972153425217
182,smoothed_oe,262350,0.03471202030777931,0.03545632213354111
183,smoothed_oe,261525,0.03692277520895004,0.03660567104816437
184,smoothed_oe,260700,0.03921637311577797,0.037643078714609146
185,smoothed_oe,259875,0.040379781275987625,0.038402654230594635
186,smoothed_oe,259050,0.038263626396656036,0.03893251717090607
187,smoothed_oe,258225,0.037593621760606766,0.03943537175655365
188,smoothed_oe,257400,0.03977597877383232,0.04007153585553169
189,smoothed_oe,256575,0.04154318571090698,0.04083380475640297
190,smoothed_oe,255750,0.041923508048057556,0.041591934859752655
191,smoothed_oe,254925,0.042339254170656204,0.04220254346728325
192,smoothed_oe,254100,0.04342008754611015,0.0425688810646534
193,smoothed_oe,253275,0.04385252296924591,0.0426625981926918
194,smoothed_oe,252450,0.04275256395339966,0.04254564642906189
195,smoothed_oe,251625,0.0414322204887867,0.042353201657533646
196,smoothed_oe,250800,0.041494566947221756,0.042209018021821976
197,smoothed_oe,249975,0.04244634509086609,0.042152054607868195
198,smoothed_oe,249150,0.042963653802871704,0.04216484725475311
199,smoothed_oe,248325,0.04156950116157532,0.04226001352071762
200,smoothed_oe,247500,0.041281167417764664,0.04249414801597595
201,smoothed_oe,246675,0.04253840819001198,0.042878925800323486
202,smoothed_oe,245850,0.043770208954811096,0.04330676048994064
203,smoothed_oe,245025,0.044943034648895264,0.04359950125217438
204,smoothed_oe,244200,0.044579457491636276,0.04364732280373573
205,smoothed_oe,243375,0.0436297208070755,0.04350803792476654
206,smoothed_oe,242550,0.04208604246377945,0.04337430000305176
207,smoothed_oe,241725,0.04227866977453232,0.04343804717063904
208,smoothed_oe,240900,0.043490711599588394,0.04377702996134758
209,smoothed_oe,240075,0.04463713616132736,0.044357676059007645
210,smoothed_oe,239250,0.04479909688234329,0.04511280730366707
211,smoothed_oe,238425,0.044986989349126816,0.0459718219935894
212,smoothed_oe,237600,0.04708721488714218,0.046808864921331406
213,smoothed_oe,236775,0.04901689663529396,0.047416090965270996
214,smoothed_oe,235950,0.04963577538728714,0.04760102927684784
215,smoothed_oe,235125,0.048338547348976135,0.047350432723760605
216,smoothed_oe,234300,0.046243637800216675,0.04689473286271095
217,smoothed_oe,233475,0.04455936700105667,0.046575386077165604
218,smoothed_oe,232650,0.04454844817519188,0.046592459082603455
219,smoothed_oe,231825,0.0475439690053463,0.04683593660593033
220,smoothed_oe,231000,0.049205098301172256,0.04695899784564972
221,smoothed_oe,230175,0.04886114224791527,0.046646058559417725
222,smoothed_oe,229350,0.04642564058303833,0.04584643244743347
223,smoothed_oe,228525,0.04394722357392311,0.044778935611248016
224,smoothed_oe,227700,0.04219616577029228,0.04372759535908699
225,smoothed_oe,226875,0.042520079761743546,0.04282943904399872
226,smoothed_oe,226050,0.04299137741327286,0.04203866422176361
227,smoothed_oe,225225,0.042273081839084625,0.04125754162669182
228,smoothed_oe,224400,0.03887186944484711,0.040453772991895676
229,smoothed_oe,223575,0.03940243646502495,0.039643365889787674
230,smoothed_oe,222750,0.04012655094265938,0.038828618824481964
231,smoothed_oe,221925,0.03816802054643631,0.038028400391340256
232,smoothed_oe,221100,0.03633390739560127,0.037356503307819366
233,smoothed_oe,220275,0.035395439714193344,0.03699891269207001
234,smoothed_oe,219450,0.0355248861014843,0.03707119822502136
235,smoothed_oe,218625,0.03717062622308731,0.03749294579029083
236,smoothed_oe,217800,0.03902643546462059,0.03800870105624199
237,smoothed_oe,216975,0.040056370198726654,0.038355689495801926
238,smoothed_oe,216150,0.039547987282276154,0.03844530135393143
239,smoothed_oe,215325,0.03664098680019379,0.03838932514190674
240,smoothed_oe,214500,0.03728847578167915,0.03833376243710518
241,smoothed_oe,213675,0.03914712369441986,0.0382709838449955
242,smoothed_oe,212850,0.039802175015211105,0.038032326847314835
243,smoothed_oe,212025,0.038353193551301956,0.03745327144861221
244,smoothed_oe,211200,0.037093788385391235,0.03652375191450119
245,smoothed_oe,210375,0.03516646474599838,0.035395484417676926
246,smoothed_oe,209550,0.03347122296690941,0.03428102284669876
247,smoothed_oe,208725,0.03256373852491379,0.033346593379974365
248,smoothed_oe,207900,0.03232601657509804,0.032663650810718536
249,smoothed_oe,207075,0.03185921907424927,0.03222460299730301
250,smoothed_oe,206250,0.031452056020498276,0.031988002359867096
251,smoothed_oe,205425,0.032229047268629074,0.03191066160798073
252,smoothed_oe,204600,0.03115249238908291,0.031942710280418396
253,smoothed_oe,203775,0.03183704987168312,0.03199487179517746
254,smoothed_oe,202950,0.03314155340194702,0.03193257376551628
255,smoothed_oe,202125,0.032951030880212784,0.03165210783481598
256,smoothed_oe,201300,0.03159446269273758,0.03119807317852974
257,smoothed_oe,200475,0.029319467023015022,0.030789364129304886
258,smoothed_oe,199650,0.028545483946800232,0.030685653910040855
259,smoothed_oe,198825,0.03019787184894085,0.03099994733929634
260,smoothed_oe,198000,0.03196590021252632,0.03163401037454605
261,smoothed_oe,197175,0.03310209885239601,0.03238658979535103
262,smoothed_oe,196350,0.03348681703209877,0.033105090260505676
263,smoothed_oe,195525,0.033045489341020584,0.03372545167803764
264,smoothed_oe,194700,0.034323323518037796,0.03419334068894386
265,smoothed_oe,193875,0.0361468605697155,0.034406065940856934
266,smoothed_oe,193050,0.03571302071213722,0.034280139952898026
267,smoothed_oe,192225,0.03401939943432808,0.03387514874339104
268,smoothed_oe,191400,0.032481562346220016,0.03341858088970184
269,smoothed_oe,190575,0.03148728981614113,0.03318566083908081
270,smoothed_oe,189750,0.03232736885547638,0.033345580101013184
271,smoothed_oe,188925,0.03372763469815254,0.033905886113643646
272,smoothed_oe,188100,0.03459126874804497,0.034766100347042084
273,smoothed_oe,187275,0.03519922122359276,0.03577953949570656
274,smoothed_oe,186450,0.03681499883532524,0.0367530882358551
275,smoothed_oe,185625,0.03927018120884895,0.03744414076209068
276,smoothed_oe,184800,0.03992794081568718,0.03765503317117691
277,smoothed_oe,183975,0.038537364453077316,0.037397436797618866
278,smoothed_oe,183150,0.03597494214773178,0.03696250542998314
279,smoothed_oe,182325,0.034140441566705704,0.03677621856331825
280,smoothed_oe,181500,0.034661486744880676,0.03711940720677376
281,smoothed_oe,180675,0.037928298115730286,0.037946462631225586
282,smoothed_oe,179850,0.0410018116235733,0.038969241082668304
283,smoothed_oe,179025,0.04074655473232269,0.039914753288030624
284,smoothed_oe,178200,0.03977201133966446,0.040689025074243546
285,smoothed_oe,177375,0.04094919562339783,0.041314247995615005
286,smoothed_oe,176550,0.04305533319711685,0.04179061949253082
287,smoothed_oe,175725,0.04325098544359207,0.042086873203516006
288,smoothed_oe,174900,0.04210812598466873,0.042237598448991776
289,smoothed_oe,174075,0.041248831897974014,0.042370252311229706
290,smoothed_oe,173250,0.04193459451198578,0.042601458728313446
291,smoothed_oe,172425,0.04316126927733421,0.042926061898469925
292,smoothed_oe,171600,0.04402673989534378,0.04322221130132675
293,smoothed_oe,170775,0.04398127272725105,0.04335660859942436
294,smoothed_oe,169950,0.04384824261069298,0.04329196736216545
295,smoothed_oe,169125,0.043319910764694214,0.043130192905664444
296,smoothed_oe,168300,0.04175884276628494,0.04307767003774643
297,smoothed_oe,167475,0.04195716604590416,0.0433463416993618
298,smoothed_oe,166650,0.04292925447225571,0.044033873826265335
299,smoothed_oe,165825,0.044466063380241394,0.045054253190755844
300,smoothed_oe,165000,0.04696934297680855,0.04617851600050926
301,smoothed_oe,164175,0.04899730160832405,0.04718339815735817
302,smoothed_oe,163350,0.04842579737305641,0.04800965636968613
303,smoothed_oe,162525,0.04743458330631256,0.0487750843167305
304,smoothed_oe,161700,0.04790765792131424,0.04958975687623024
305,smoothed_oe,160875,0.051181551069021225,0.05034501105546951
306,smoothed_oe,160050,0.054099567234516144,0.050728775560855865
307,smoothed_oe,159225,0.05324589088559151,0.05049470439553261
308,smoothed_oe,158400,0.04953201860189438,0.04971229285001755
309,smoothed_oe,157575,0.04669971764087677,0.048732370138168335
310,smoothed_oe,156750,0.04676363617181778,0.04792632535099983
311,smoothed_oe,155925,0.04750172048807144,0.047488562762737274
312,smoothed_oe,155100,0.04692878574132919,0.04745311662554741
313,smoothed_oe,154275,0.046282701194286346,0.04779824987053871
314,smoothed_oe,153450,0.04756959527730942,0.04847537726163864
315,smoothed_oe,152625,0.04993188753724098,0.04938206821680069
316,smoothed_oe,151800,0.05082084611058235,0.050381116569042206
317,smoothed_oe,150975,0.05099514499306679,0.05136077478528023
318,smoothed_oe,150150,0.05253085494041443,0.05225913226604462
319,smoothed_oe,149325,0.0537630133330822,0.05304412543773651
320,smoothed_oe,148500,0.05373247340321541,0.05369605869054794
321,smoothed_oe,147675,0.05432440713047981,0.054202958941459656
322,smoothed_oe,146850,0.05505742132663727,0.05455771088600159
323,smoothed_oe,146025,0.055309560149908066,0.05477267503738403
324,smoothed_oe,145200,0.0550445131957531,0.05491596460342407
325,smoothed_oe,144375,0.05440955609083176,0.05511980131268501
326,smoothed_oe,143550,0.054296813905239105,0.05550895631313324
327,smoothed_oe,142725,0.055168554186820984,0.05608154088258743
328,smoothed_oe,141900,0.05774363502860069,0.05666545405983925
329,smoothed_oe,141075,0.059506289660930634,0.05704526603221893
330,smoothed_oe,140250,0.05786929279565811,0.05717464163899422
331,smoothed_oe,139425,0.05525081977248192,0.05724429711699486
332,smoothed_oe,138600,0.05535764619708061,0.057495661079883575
333,smoothed_oe,137775,0.05813255533576012,0.05796833336353302
334,smoothed_oe,136950,0.060321956872940063,0.05846649408340454
335,smoothed_oe,136125,0.060430847108364105,0.05877383053302765
336,smoothed_oe,135300,0.05824751779437065,0.05885641276836395
337,smoothed_oe,134475,0.05740493908524513,0.05883360281586647
338,smoothed_oe,133650,0.059163521975278854,0.05879956856369972
339,smoothed_oe,132825,0.06006257236003876,0.058736540377140045
340,smoothed_oe,132000,0.058623384684324265,0.05859038978815079
341,smoothed_oe,131175,0.05772630497813225,0.058360204100608826
342,smoothed_oe,130350,0.05827212706208229,0.05809541791677475
343,smoothed_oe,129525,0.058227427303791046,0.05786903575062752
344,smoothed_oe,128700,0.05745141953229904,0.05779995769262314
345,smoothed_oe,127875,0.0563158355653286,0.058058563619852066
346,smoothed_oe,127050,0.05656123161315918,0.05877361074090004
347,smoothed_oe,126225,0.05954623967409134,0.059914156794548035
348,smoothed_oe,125400,0.0627434179186821,0.06130277365446091
349,smoothed_oe,124575,0.06303650140762329,0.06276441365480423
350,smoothed_oe,123750,0.06313848495483398,0.06422186642885208
351,smoothed_oe,122925,0.0649736076593399,0.06561356782913208
352,smoothed_oe,122100,0.06844272464513779,0.06677232682704926
353,smoothed_oe,121275,0.07047100365161896,0.06748650968074799
354,smoothed_oe,120450,0.06917151808738708,0.06772037595510483
355,smoothed_oe,119625,0.06594488769769669,0.06771718710660934
356,smoothed_oe,118800,0.06516308337450027,0.06780789792537689
357,smoothed_oe,117975,0.06791222840547562,0.06810616701841354
358,smoothed_oe,117150,0.07082287967205048,0.06843172013759613
359,smoothed_oe,116325,0.07029843330383301,0.06854397803544998
360,smoothed_oe,115500,0.06794724613428116,0.06841029226779938
361,smoothed_oe,114675,0.06679666042327881,0.06822827458381653
362,smoothed_oe,113850,0.06731005012989044,0.06823962926864624
363,smoothed_oe,113025,0.06842102110385895,0.06858087331056595
364,smoothed_oe,112200,0.0688442513346672,0.06928753852844238
365,smoothed_oe,111375,0.06888110935688019,0.07033682614564896
366,smoothed_oe,110550,0.0704437792301178,0.07160262018442154
367,smoothed_oe,109725,0.07433542609214783,0.072795569896698
368,smoothed_oe,108900,0.07693889737129211,0.07356048375368118
369,smoothed_oe,108075,0.0756915807723999,0.07372286170721054
370,smoothed_oe,107250,0.07262349873781204,0.07344310730695724
371,smoothed_oe,106425,0.07121751457452774,0.07308986783027649
372,smoothed_oe,105600,0.07159597426652908,0.07294727861881256
373,smoothed_oe,104775,0.07358109951019287,0.07305078953504562
374,smoothed_oe,103950,0.07466814666986465,0.07329083979129791
375,smoothed_oe,103125,0.07302653044462204,0.07362327724695206
376,smoothed_oe,102300,0.07216466218233109,0.07412678748369217
377,smoothed_oe,101475,0.07395327091217041,0.07485708594322205
378,smoothed_oe,100650,0.07658331096172333,0.07570193707942963
379,smoothed_oe,99825,0.07792718708515167,0.0764288678765297
380,smoothed_oe,99000,0.07809034734964371,0.07688285410404205
381,smoothed_oe,98175,0.07714692503213882,0.07713526487350464
382,smoothed_oe,97350,0.07578527927398682,0.07745233178138733
383,smoothed_oe,96525,0.07641546428203583,0.07812260836362839
384,smoothed_oe,95700,0.0782940536737442,0.07928475737571716
385,smoothed_oe,94875,0.08031372725963593,0.08086138218641281
386,smoothed_oe,94050,0.08275677263736725,0.08259963989257812
387,smoothed_oe,93225,0.08568746596574783,0.08416656404733658
388,smoothed_oe,92400,0.08704976737499237,0.08526821434497833
389,smoothed_oe,91575,0.0876336395740509,0.08577315509319305
390,smoothed_oe,90750,0.08668585121631622,0.08578430116176605
391,smoothed_oe,89925,0.08421115577220917,0.08558603376150131
392,smoothed_oe,89100,0.08376186341047287,0.08547235280275345
393,smoothed_oe,88275,0.08581897616386414,0.08558929711580276
394,smoothed_oe,87450,0.0864647626876831,0.0859268456697464
395,smoothed_oe,86625,0.08539258688688278,0.08642816543579102
396,smoothed_oe,85800,0.0867164134979248,0.08707035332918167
397,smoothed_oe,84975,0.08817439526319504,0.08785789459943771
398,smoothed_oe,84150,0.08790430426597595,0.08878148347139359
399,smoothed_oe,83325,0.08937427401542664,0.08978547900915146
400,smoothed_oe,82500,0.09198227524757385,0.09075270593166351
401,smoothed_oe,81675,0.09194865077733994,0.09151753038167953
402,smoothed_oe,80850,0.0924101397395134,0.09191291034221649
403,smoothed_oe,80025,0.09447924047708511,0.09185806661844254
404,smoothed_oe,79200,0.09259901195764542,0.09147096425294876
405,smoothed_oe,78375,0.08857538551092148,0.09109237045049667
406,smoothed_oe,77550,0.08785741776227951,0.09110715240240097
407,smoothed_oe,76725,0.09104961156845093,0.09167128801345825
408,smoothed_oe,75900,0.09338780492544174,0.09261216223239899
409,smoothed_oe,75075,0.09454240649938583,0.0935913473367691
410,smoothed_oe,74250,0.09540196508169174,0.09434662759304047
411,smoothed_oe,73425,0.09534381330013275,0.09480992704629898
412,smoothed_oe,72600,0.09483881294727325,0.09506809711456299
413,smoothed_oe,71775,0.09484390169382095,0.09525260329246521
414,smoothed_oe,70950,0.09544321149587631,0.09545385092496872
415,smoothed_oe,70125,0.0958208292722702,0.09571055322885513
416,smoothed_oe,69300,0.09602586179971695,0.09605135023593903
417,smoothed_oe,68475,0.09570863842964172,0.09651477634906769
418,smoothed_oe,67650,0.09617779403924942,0.09711366146802902
419,smoothed_oe,66825,0.09855306148529053,0.0978103056550026
420,smoothed_oe,66000,0.09945440292358398,0.09858207404613495
421,smoothed_oe,65175,0.09854582697153091,0.09952206164598465
422,smoothed_oe,64350,0.09845391660928726,0.10081540048122406
423,smoothed_oe,63525,0.1006598100066185,0.10255201905965805
424,smoothed_oe,62700,0.10501598566770554,0.1045624241232872
425,smoothed_oe,61875,0.10927458852529526,0.10648134350776672
426,smoothed_oe,61050,0.10985804349184036,0.10798927396535873
427,smoothed_oe,60225,0.10850808769464493,0.10896225273609161
428,smoothed_oe,59400,0.10940859466791153,0.10938931256532669
429,smoothed_oe,58575,0.11207102984189987,0.10924986749887466
430,smoothed_oe,57750,0.11165908724069595,0.10859544575214386
431,smoothed_oe,56925,0.10654620081186295,0.10772441327571869
432,smoothed_oe,56100,0.10198796540498734,0.10710347443819046
433,smoothed_oe,55275,0.10499592870473862,0.10700897127389908
434,smoothed_oe,54450,0.11030616611242294,0.1073102056980133
435,smoothed_oe,53625,0.10962378233671188,0.10767900943756104
436,smoothed_oe,52800,0.10643526166677475,0.1079435870051384
437,smoothed_oe,51975,0.10670007765293121,0.10815826803445816
438,smoothed_oe,51150,0.10934796929359436,0.10840903222560883
439,smoothed_oe,50325,0.10943460464477539,0.1086830124258995
440,smoothed_oe,49500,0.10828924924135208,0.10891494899988174
441,smoothed_oe,48675,0.10920476913452148,0.10905768722295761
442,smoothed_oe,47850,0.10997182875871658,0.10909111052751541
443,smoothed_oe,47025,0.10918440669775009,0.10903488844633102
444,smoothed_oe,46200,0.10870498418807983,0.10899980366230011
445,smoothed_oe,45375,0.10845516622066498,0.10922060161828995
446,smoothed_oe,44550,0.10787326097488403,0.10999957472085953
447,smoothed_oe,43725,0.10814546048641205,0.11153309047222137
448,smoothed_oe,42900,0.11191321164369583,0.11370018869638443
449,smoothed_oe,42075,0.1186467707157135,0.1160222738981247
450,smoothed_oe,41250,0.12244117259979248,0.11793776601552963
451,smoothed_oe,40425,0.12079531699419022,0.11920669674873352
452,smoothed_oe,39600,0.11761678755283356,0.12005245685577393
453,smoothed_oe,38775,0.11888427287340164,0.1209164708852768
454,smoothed_oe,37950,0.12285228818655014,0.1221328154206276
455,smoothed_oe,37125,0.12307138741016388,0.12381870299577713
456,smoothed_oe,36300,0.12280522286891937,0.12589572370052338
457,smoothed_oe,35475,0.12817589938640594,0.12806501984596252
458,smoothed_oe,34650,0.13486388325691223,0.1298515945672989
459,smoothed_oe,33825,0.13470301032066345,0.13087579607963562
460,smoothed_oe,33000,0.13013392686843872,0.1311376839876175
461,smoothed_oe,32175,0.12931019067764282,0.13098375499248505
462,smoothed_oe,31350,0.13159283995628357,0.13082095980644226
463,smoothed_oe,30525,0.13043171167373657,0.13090305030345917
464,smoothed_oe,29700,0.1283920705318451,0.13128185272216797
465,smoothed_oe,28875,0.13223567605018616,0.13180841505527496
466,smoothed_oe,28050,0.13552933931350708,0.13219426572322845
467,smoothed_oe,27225,0.13331818580627441,0.13219457864761353
468,smoothed_oe,26400,0.13122546672821045,0.13178619742393494
469,smoothed_oe,25575,0.1315605342388153,0.1311892867088318
470,smoothed_oe,24750,0.13052916526794434,0.13077931106090546
471,smoothed_oe,23925,0.12779390811920166,0.13096089661121368
472,smoothed_oe,23100,0.1273747831583023,0.13195721805095673
473,smoothed_oe,22275,0.13346803188323975,0.13356958329677582
474,smoothed_oe,21450,0.13901586830615997,0.13516123592853546
475,smoothed_oe,20625,0.13979311287403107,0.1359839141368866
476,smoothed_oe,19800,0.13901405036449432,0.13560354709625244
477,smoothed_oe,18975,0.13547012209892273,0.1340945065021515
478,smoothed_oe,18150,0.13134422898292542,0.13192924857139587
479,smoothed_oe,17325,0.12865805625915527,0.1297241598367691
480,smoothed_oe,16500,0.12531936168670654,0.12800833582878113
481,smoothed_oe,15675,0.12460828572511673,0.12708249688148499
482,smoothed_oe,14850,0.12576662003993988,0.12698304653167725
483,smoothed_oe,14025,0.12746912240982056,0.1275387853384018
484,smoothed_oe,13200,0.12759925425052643,0.12843839824199677
485,smoothed_oe,12375,0.12914341688156128,0.1292237639427185
486,smoothed_oe,11550,0.13292330503463745,0.12929579615592957
487,smoothed_oe,10725,0.1343366950750351,0.12815286219120026
488,smoothed_oe,9900,0.13056376576423645,0.1258513629436493
489,smoothed_oe,9075,0.11931580305099487,0.12323503196239471
490,smoothed_oe,8250,0.11061029136180878,0.12147843092679977
491,smoothed_oe,7425,0.11665987223386765,0.12118914723396301
492,smoothed_oe,6600,0.1266842633485794,0.12193188816308975
493,smoothed_oe,5775,0.1266847550868988,0.12267398089170456
494,smoothed_oe,4950,0.12497130036354065,0.12269963324069977
495,smoothed_oe,4125,0.12438380718231201,0.12218329310417175
496,smoothed_oe,3300,0.11666418612003326,0.1220380887389183
497,smoothed_oe,2475,0.11250496655702591,0.12318866699934006
498,smoothed_oe,1650,0.12391489744186401,0.12579864263534546
499,smoothed_oe,825,0.13561797142028809,0.12911243736743927
